time,group1_current,group2_current,group3_current,group4_current,group5_current,group6_current,heat,temp_blanket,temp_fuel
0,0,0,0,0,0,0,0,0,0
1e-06,2.6719171082579e+18,1.0352176283902e+19,2.3923856387609e+19,1.6068563058471e+19,1.2530829446065e+19,1.2415772614999e+19,6476507.9225788,973.00000124942,973.00005715068
2.2e-06,2.5934782779552e+18,1.0186536213539e+19,2.5020561234978e+19,1.7083400754146e+19,1.1707588075516e+19,1.0132575270207e+19,6414692.7515565,973.00000274841,973.0001257249
3.64e-06,2.5480214884833e+18,1.0028306490473e+19,2.4882900633674e+19,1.730027158942e+19,1.148025429063e+19,8.4581455333655e+18,6285344.7514296,973.0000045469,973.00020800227
5.368e-06,2.5039867980977e+18,9.8677643029785e+18,2.4555134932844e+19,1.7174378544201e+19,1.1336834201808e+19,7.1709271099276e+18,6166742.5939561,973.00000670476,973.00030671964
7.4416e-06,2.4732467834877e+18,9.7548149450518e+18,2.4299958888925e+19,1.701091287247e+19,1.1204874333736e+19,6.1397976010084e+18,6084998.4708523,973.0000092938,973.00042516107
9.92992e-06,2.4590799693546e+18,9.7043817454925e+18,2.4185181608952e+19,1.6921792078485e+19,1.111458262249e+19,5.3025462216772e+18,6046403.9911107,973.00001240023,973.00056726623
1.2915904e-05,2.4612688792556e+18,9.7166688308293e+18,2.4220583267545e+19,1.6934487324208e+19,1.109085573329e+19,4.6356018687887e+18,6049475.5973761,973.00001612742,973.00073776042
1.64990848e-05,2.478512480765e+18,9.7871655552327e+18,2.4398418371495e+19,1.7048766437492e+19,1.1140114300919e+19,4.1293720549953e+18,6090457.5666621,973.00002059942,973.00094231044
2.079890176e-05,2.5096542408657e+18,9.9117071585025e+18,2.4709779589802e+19,1.7259114389224e+19,1.1259813769248e+19,3.7739703865728e+18,6166158.7138877,973.00002596503,973.00118771113
2.5958682112e-05,2.5543055768949e+18,1.0089034382378e+19,2.5152194042421e+19,1.7563363449868e+19,1.1447043219497e+19,3.553840418613e+18,6275399.5831763,973.00003240273,973.00148210866
3.21504185344e-05,2.6131482769439e+18,1.0322035275128e+19,2.5733173898391e+19,1.796611802368e+19,1.1702868489398e+19,3.4482463725605e+18,6419711.2472574,973.00004012658,973.00183526764
3.958050224128e-05,2.6880931144134e+18,1.0618396747401e+19,2.6472026973835e+19,1.8480279601828e+19,1.2034082711069e+19,3.4348593765168e+18,6603697.9819257,973.00004939328,973.00225889026
4.8496602689536e-05,2.782432082699e+18,1.0991220484404e+19,2.7401478069324e+19,1.91282421067e+19,1.2454113119046e+19,3.4941614945826e+18,6835392.781524,973.00006051063,973.00276699761
5.9195923227443e-05,2.9011027395431e+18,1.1460076651992e+19,2.8570339102135e+19,1.9943759312063e+19,1.2984173858613e+19,3.6130029360729e+18,7126893.9168622,973.00007384762,973.00337638462
7.2035107872932e-05,3.0511756656305e+18,1.2052936914125e+19,3.0048350234784e+19,2.097530644306e+19,1.3655357508227e+19,3.786562959754e+18,7495553.7798149,973.00008984655,973.00410716278
8.7442129447518e-05,3.2426989971256e+18,1.2809517364444e+19,3.1934524712431e+19,2.2291878865765e+19,1.4512319776331e+19,4.0189995933144e+18,7966047.8674882,973.00010903747,973.00498340704
0.00010593055533702,3.4901148710111e+18,1.3786880057529e+19,3.437111843819e+19,2.3992715526252e+19,1.5619534557205e+19,4.3238219705105e+18,8573850.7315747,973.00013205541,973.0060339269
0.00012811666640443,3.8146392424418e+18,1.5068838882759e+19,3.7567080775835e+19,2.6223644744408e+19,1.7071878835748e+19,4.7253101385729e+18,9371079.9525639,973.00015966103,973.00729318618
0.00015473999968531,4.2483510663547e+18,1.6782116256324e+19,4.1838333938895e+19,2.9205184280941e+19,1.9012889105866e+19,5.2624133358542e+18,10436540.344374,973.00019276514,973.00880240318
0.00018668799962237,4.8414676877667e+18,1.9125084710905e+19,4.7679426467559e+19,3.3282549127581e+19,2.1667296291975e+19,5.9970695514919e+18,11893596.081472,973.00023245802,973.01061087501
0.00022502559954685,5.6758719889944e+18,2.2421203586668e+19,5.5896752329814e+19,3.901864018252e+19,2.5401552666537e+19,7.0306293156629e+18,13943401.319866,973.00028004443,973.01277759402
0.00027103071945622,6.891626445591e+18,2.7223756930323e+19,6.7869665589853e+19,4.7376313052703e+19,3.084248698776e+19,8.5365672886194e+18,16930034.745908,973.00033708555,973.01537327878
0.00032623686334746,8.7422970993392e+18,3.4534397991175e+19,8.6095318464255e+19,6.0098700761836e+19,3.912489741885e+19,1.0828968482396e+19,21476408.872135,973.0004054498,973.01848307528
0.00039248423601695,1.1719340291602e+19,4.6294509881522e+19,1.1541363842639e+20,8.056430687501e+19,5.2448226003633e+19,1.4516592851741e+19,28789839.475629,973.00048737595,973.02221054648
0.00047198108322034,1.685825676083e+19,6.6594595559011e+19,1.6602237428772e+20,1.1589165352971e+20,7.5446707119203e+19,2.0882101909988e+19,41414146.100628,973.00058555623,973.02668465407
0.00056737729986441,2.6581569421768e+19,1.0500426383885e+20,2.6177885271629e+20,1.8273430928538e+20,1.1896199314877e+20,3.2926244566257e+19,65300517.291456,973.00070326165,973.03207509312
0.0006818527598373,4.7377368438032e+19,1.8715319330734e+20,4.665786432218e+20,3.256944744638e+20,2.1203059815784e+20,5.8685739656299e+19,116387641.03059,973.0008445877,973.03863564074
0.00081922331180476,1.0010121455378e+20,3.9542638361736e+20,9.8581005839563e+20,6.8814313860589e+20,4.4798859466404e+20,1.2399413419568e+20,245909404.44239,973.00101516561,973.04686334208
0.00098406797416571,2.7200180664719e+20,1.0744793372124e+21,2.6787097840568e+21,1.869869197047e+21,1.2173051813347e+21,3.3692558029227e+20,668201112.23904,973.00122537021,973.05829164572
0.0011818815689988,1.1242920591213e+21,4.4412517338927e+21,1.1072177254319e+22,7.7289186446129e+21,5.0316136553202e+21,1.3926537680722e+21,2761930794.4077,973.00151472978,973.08169085206
0.0014192578827986,1.1864093884372e+22,4.6866291604458e+22,1.1683933249945e+23,8.155989368533e+22,5.3096874700119e+22,1.4696739181219e+22,29143824112.651,973.00244206396,973.25810197853
0.0015616836710785,2.577376934813e+22,1.0181310195741e+23,2.538243373692e+23,1.7718350506354e+23,1.1535075747669e+23,3.1929551857929e+22,63308450059.498,973.00345017503,973.47929855299
0.0017041094593583,5.5107705471528e+22,2.1768949233113e+23,5.427120600902e+23,3.7884777045838e+23,2.4664500189971e+23,6.8279232660309e+22,135342995455.95,973.00541203331,973.94383418957
0.0018750204052942,1.4182268769497e+23,5.6023350849475e+23,1.3967178179138e+24,9.7503484387212e+23,6.3483406746321e+23,1.7579758162882e+23,348163507674.11,973.01115458011,975.36464558544
0.0020801135404172,3.8069124043723e+23,1.5038042497543e+24,3.7493505829181e+24,2.6176996548967e+24,1.7047843665347e+24,4.725689194181e+23,933284511270.74,973.02928727954,979.92386211512
0.0022852066755402,6.7026577967144e+23,2.6476536595373e+24,6.6019235987509e+24,4.6102760666091e+24,3.0040133411552e+24,8.3429603906e+23,1639269195288.7,973.06117455946,987.94383170398
0.0024902998106632,8.2092726705896e+23,3.2426981080318e+24,8.0866982536467e+24,5.648507992442e+24,3.6832322511633e+24,1.0254441391378e+24,2001888452433.3,973.10040066756,997.76515648233
0.0026953929457862,7.8658121986096e+23,3.1067236966111e+24,7.748607816285e+24,5.4134220658398e+24,3.5323414077905e+24,9.8568796136627e+23,1912637127013.6,973.1381882112,1007.1761399051
0.0029415047079338,6.0607886850862e+23,2.3935317896727e+24,5.9704584594746e+24,4.1719028540168e+24,2.7238281654612e+24,7.6172375786191e+23,1469779659076.3,973.17335339056,1015.8802615343
0.0032368388225109,3.8334104068e+23,1.5137801136946e+24,3.7762763378486e+24,2.6390804292022e+24,1.7237978056072e+24,4.8289668613817e+23,927740340230.45,973.20026075479,1022.4914513261
0.0035912397600034,2.0495712120166e+23,8.0932691681964e+23,2.0190415818059e+24,1.4111563144638e+24,9.2199731976323e+23,2.5858194879775e+23,495384538914.87,973.21774795052,1026.7403484117
0.0040165208849945,9.4943972715717e+22,3.7490526363998e+23,9.3530822512561e+23,6.5374310369483e+23,4.2719673783492e+23,1.1988855812135e+23,229316990136.37,973.22773198334,1029.1119001912
0.0045268582349838,3.8730183065277e+22,1.5293364467125e+23,3.8154373614904e+23,2.6668958910811e+23,1.7428304249773e+23,4.8924769304209e+22,93511858730.735,973.23294872593,1030.2850696186
0.0051392630549709,1.408368754462e+22,5.5613058991151e+22,1.3874859130463e+23,9.6981553068787e+22,6.3377791176105e+22,1.7791548085839e+22,33999087507.452,973.23563869275,1030.8120573259
0.0058741488389554,4.6763222127608e+21,1.8466759800955e+22,4.6075429190784e+22,3.2204188617953e+22,2.1043410342159e+22,5.9050744837162e+21,11288298474.719,973.2372186593,1031.0398627787
0.0067560117797369,1.5402442133437e+21,6.0835376802883e+21,1.5181491341636e+22,1.0609590563067e+22,6.9303019389715e+21,1.9421485778475e+21,3717935456.2282,973.23843702013,1031.1496972143
0.0078142473086746,6.2908739627921e+20,2.4857144813893e+21,6.2055509219598e+21,4.3354736697337e+21,2.8298419441113e+21,7.9072075748254e+20,1518501280.3003,973.23963565144,1031.2220277897
0.0090841299433999,3.990311111128e+20,1.5773051681644e+21,3.9392237301131e+21,2.7513291515951e+21,1.794524245929e+21,5.0000149248511e+20,963172841.58015,973.24095423096,1031.2872821394
0.01060798910507,3.482853353355e+20,1.3769259663045e+21,3.4393065272331e+21,2.4018946492316e+21,1.5661579152452e+21,4.3588310144784e+20,840673968.71373,973.24244667407,1031.354920498
0.012436620099075,3.3787928358085e+20,1.3358327229569e+21,3.3367787616492e+21,2.330233906675e+21,1.5193338311741e+21,4.2274570896122e+20,815547513.36547,973.24413282232,1031.4266830835
0.01463097729188,3.3507945831638e+20,1.3247729563893e+21,3.3091779375479e+21,2.3109477691181e+21,1.5067414544747e+21,4.1922315415003e+20,808779854.72808,973.24601517166,1031.5014544983
0.017264205923246,3.3332926262253e+20,1.3178570070782e+21,3.2919136560858e+21,2.2988881110196e+21,1.4988742579927e+21,4.1702993415047e+20,804544450.44986,973.24808018244,1031.5766712108
0.020424080280886,3.3149342717192e+20,1.3106019885614e+21,3.2738016333584e+21,2.2862374029507e+21,1.4906234245212e+21,4.1473179745014e+20,800100913.89396,973.25029336273,1031.648656595
0.024215929510053,3.2937650339858e+20,1.3022359758847e+21,3.2529157287853e+21,2.2716495346855e+21,1.4811096534115e+21,4.1208226990486e+20,794977423.14543,973.25259160814,1031.7128573983
0.028766148585055,3.2691573866866e+20,1.2925109446251e+21,3.2286367495218e+21,2.2546919636117e+21,1.4700507903107e+21,4.0900264635661e+20,789022481.23084,973.25487430878,1031.7644244918
0.034226411475056,3.2405900177252e+20,1.2812207238879e+21,3.2004497703558e+21,2.2350050435647e+21,1.4572123922262e+21,4.0542772130056e+20,782110270.22931,973.25699477285,1031.7994473303
0.040778726943057,3.207481081443e+20,1.2681351700911e+21,3.1677798035245e+21,2.2121871714763e+21,1.4423326586193e+21,4.0128473310105e+20,774100451.28422,973.25875465046,1031.8170691531
0.048641505504659,3.1691679333218e+20,1.2529921176603e+21,3.1299716707498e+21,2.185780682449e+21,1.4251132073127e+21,3.9649079689917e+20,764833324.30472,973.25990620733,1031.8224029743
0.058076839778581,3.1250129571939e+20,1.2355390301504e+21,3.0863937618781e+21,2.1553442067364e+21,1.4052661789047e+21,3.9096603043517e+20,754155316.61223,973.26017124987,1031.8293389929
0.069399240907288,3.0741562402896e+20,1.2154355441997e+21,3.0361950125521e+21,2.1202832652211e+21,1.3824038951578e+21,3.8460300043715e+20,741859954.25836,973.25929226249,1031.8607943022
0.082986122261736,3.0160261005546e+20,1.1924552446535e+21,2.9788074626915e+21,2.0802012629158e+21,1.3562674388586e+21,3.7733027336112e+20,727810942.33651,973.25713891693,1031.9426063756
0.099290379887074,2.950321154642e+20,1.1664789611823e+21,2.9139303494401e+21,2.0348886759115e+21,1.3267200681254e+21,3.6911070321077e+20,711938766.85566,973.25388406273,1032.0887728754
0.11885548903748,2.8773158324819e+20,1.1376153454104e+21,2.8418312759231e+21,1.9845333221155e+21,1.2938844551667e+21,3.5997957119762e+20,694314613.08051,973.25020608362,1032.2837558317
0.14233362001796,2.7979700279313e+20,1.1062440819991e+21,2.7634544084268e+21,1.9297955285079e+21,1.2581919615659e+21,3.5005800298566e+20,675176912.1793,973.24736634743,1032.4779896518
0.17050737719455,2.7138146508807e+20,1.0729705796469e+21,2.6803077648824e+21,1.871728980346e+21,1.2203313404429e+21,3.3953864529111e+20,654903915.20719,973.24694047454,1032.6084123768
0.20431588580645,2.6273330271646e+20,1.0387758335625e+21,2.5948361340906e+21,1.8120409913002e+21,1.1814180343745e+21,3.2873289476148e+20,634105318.28598,973.25009045917,1032.626990154
0.24488609614073,2.542751310444e+20,1.0053276436969e+21,2.5111961168439e+21,1.7536348074053e+21,1.1433471329064e+21,3.1816983649802e+20,613813074.04268,973.25665834599,1032.4994943251
0.29357034854186,2.4678500334188e+20,9.7569571869961e+20,2.4370411200069e+21,1.7018567377726e+21,1.1096075721159e+21,3.0882339867341e+20,595919726.71953,973.26493248051,1032.1664936617
0.35199145142323,2.4161510427635e+20,9.5521608849982e+20,2.3856808275789e+21,1.6660050673353e+21,1.0862690570794e+21,3.0238723886111e+20,583710904.46925,973.27283669615,1031.4914681615
0.42209677488086,2.4140335114283e+20,9.5430280920375e+20,2.3830984769877e+21,1.6642337942982e+21,1.0851828896028e+21,3.0216814619331e+20,583595043.73828,973.27973794204,1030.1804591275
0.50622316303003,2.5230845481195e+20,9.9727691560521e+20,2.4899743477654e+21,1.7389398590556e+21,1.1340172384331e+21,3.1588803435423e+20,610538121.38051,973.28683188478,1027.6515292517
0.60717482880902,2.9175127678771e+20,1.1529422078225e+21,2.8779436311738e+21,2.0100304860161e+21,1.3110092862707e+21,3.6538385290142e+20,706893194.68374,973.29575902188,1023.044590269
0.72831682774382,4.2240854750121e+20,1.6688448864992e+21,4.1644967461125e+21,2.9088799226143e+21,1.8976457324547e+21,5.292319953007e+20,1025089740.7444,973.30739185861,1015.8851723214
0.78888782721121,5.6435439143809e+20,2.2293907727386e+21,5.5625607009368e+21,3.885595067255e+21,2.5350522629014e+21,7.072077795416e+20,1370545583.9989,973.31405588049,1012.21212935
0.81917332694491,6.7151862352279e+20,2.652598083236e+21,6.6181160028281e+21,4.6230169264269e+21,3.0162891597045e+21,8.4156996383809e+20,1631320235.6298,973.31778188604,1010.4242565345
0.84945882667861,8.024122698448e+20,3.1695266227456e+21,7.9074457009487e+21,5.5237495911709e+21,3.6041041916433e+21,1.0056911313538e+21,1949826510.0303,973.32198217426,1008.7374351013
0.87974432641231,9.4406373615251e+20,3.7289503041997e+21,9.3027752802791e+21,6.4985262936656e+21,4.2402485112787e+21,1.1833137937391e+21,2294521005.7633,973.32663480423,1007.1826410332
0.91002982614601,1.0762327881074e+21,4.250936170914e+21,1.0604726282332e+22,7.4080577553969e+21,4.8338287065003e+21,1.3490658001668e+21,2616173452.5591,973.33156461904,1005.7559585257
0.94031532587971,1.1830725395239e+21,4.6728998021654e+21,1.1657191511327e+22,8.1432847518065e+21,5.3136743845783e+21,1.4830767871306e+21,2876235817.8051,973.33647436665,1004.425692386
0.97060082561341,1.261236661343e+21,4.9816231100579e+21,1.2427197462982e+22,8.6811708094132e+21,5.6647486829915e+21,1.5811450729872e+21,3066566481.0965,973.34103324662,1003.1538291407
1.0008863253471,1.3165672048082e+21,5.2001754746432e+21,1.2972281602476e+22,9.0619116374587e+21,5.9132786436703e+21,1.6505890728959e+21,3201375759.3151,973.34494241515,1001.9117405972
1.0311718250808,1.3570078199499e+21,5.3599270669349e+21,1.3370686544204e+22,9.3401679459751e+21,6.0949325859491e+21,1.7013643811069e+21,3299987654.4335,973.34795088675,1000.6835137449
1.0463145749477,1.3741098975026e+21,5.4274892785716e+21,1.3539168787899e+22,9.4578293574275e+21,6.1717519747666e+21,1.7228410106097e+21,3341716432.9754,973.34919984401,1000.0713178146
1.0614573248145,1.3892781059981e+21,5.4874146338256e+21,1.3688598508168e+22,9.5621770195005e+21,6.2398834396119e+21,1.7418922013728e+21,3378746882.2073,973.35016752397,999.46044091236
1.0766000746814,1.4031679339663e+21,5.542291844655e+21,1.3825432342002e+22,9.6577216079232e+21,6.3022705517931e+21,1.7593398028878e+21,3412673700.6104,973.35082987785,998.85076071656
1.0917428245482,1.4161919983409e+21,5.593750533478e+21,1.3953734755982e+22,9.747302602526e+21,6.3607662573245e+21,1.7757010913953e+21,3444500804.2987,973.35116401484,998.24241541598
1.106885574415,1.4286297386005e+21,5.6428943547002e+21,1.407625839802e+22,9.8328430184287e+21,6.4166254480697e+21,1.7913263635242e+21,3474908067.033,973.35114780984,997.63568738822
1.1220283242819,1.4406768456939e+21,5.6904961789894e+21,1.419493094756e+22,9.9156895297729e+21,6.4707269358833e+21,1.8064609382981e+21,3504371546.4669,973.35075969694,997.03093278213
1.1371710741487,1.4524705374153e+21,5.7370979369047e+21,1.4311104139784e+22,9.9967864720053e+21,6.5236869853302e+21,1.8212768701675e+21,3533224999.7313,973.34997856291,996.42853536486
1.1523138240156,1.4641032662846e+21,5.7830647950967e+21,1.4425688841886e+22,1.0076770239453e+22,6.5759208807157e+21,1.8358901232533e+21,3561693263.3203,973.34878369862,995.82887403538
1.1674565738824,1.4756293235015e+21,5.8286112683748e+21,1.4539220123291e+22,1.0156014744411e+22,6.6276725756412e+21,1.8503688048607e+21,3589908342.3326,973.34715478163,995.23229731583
1.1825993237493,1.4870720416336e+21,5.8738296658346e+21,1.4651928195933e+22,1.0234680956459e+22,6.6790470389976e+21,1.8647421763826e+21,3617926941.613,973.34507189158,994.63910492452
1.1977420736161,1.4984431628479e+21,5.9187665132745e+21,1.4763929108555e+22,1.0312850084061e+22,6.7300972080446e+21,1.8790249691514e+21,3645777550.9859,973.34251560104,994.04954674644
1.212884823483,1.5097518021537e+21,5.9634579279384e+21,1.4875313013206e+22,1.0390585221309e+22,6.7808642397294e+21,1.893228636737e+21,3673482241.5007,973.33946710423,993.46382966104
1.2280275733498,1.5210059695629e+21,6.0079356339721e+21,1.4986159170992e+22,1.0467941832571e+22,6.83138435422e+21,1.9073632627022e+21,3701060373.2649,973.33590835576,992.88212535008
1.2431703232167,1.5322196541087e+21,6.0522549231891e+21,1.509660568481e+22,1.0545016482979e+22,6.8817206140131e+21,1.9214464575065e+21,3728545813.7512,973.33182223818,992.30458372849
1.2583130730835,1.5434128539484e+21,6.0964947819827e+21,1.5206849784389e+22,1.0621947051097e+22,6.9319630364649e+21,1.935503388936e+21,3755987008.85,973.32719273139,991.73134559025
1.2734558229504,1.554596853432e+21,6.1406998061713e+21,1.5317002888399e+22,1.0698811493985e+22,6.982162510114e+21,1.9495482949581e+21,3783411198.5015,973.32200502996,991.16254134739
1.2885985728172,1.5657657220624e+21,6.1848466636911e+21,1.5427006927347e+22,1.0775569402689e+22,7.032292649448e+21,1.9635738150785e+21,3810803761.4074,973.31624562946,990.59828129317
1.3037413226841,1.5768995765781e+21,6.2288569652109e+21,1.5536666458376e+22,1.0852084428123e+22,7.0822644435028e+21,1.9775550815387e+21,3838116152.0858,973.30990242237,990.03864775716
1.3188840725509,1.5879770202592e+21,6.2726463426601e+21,1.5645771142951e+22,1.0928209796849e+22,7.1319821009783e+21,1.9914653129585e+21,3865296149.6923,973.30296483497,989.48369728582
1.3340268224178,1.5989872419066e+21,6.3161721840305e+21,1.5754214847444e+22,1.1003871497611e+22,7.1813973546247e+21,2.0052910135317e+21,3892317270.7302,973.29542400211,988.93347262144
1.3491695722846,1.6099392390381e+21,6.3594700195888e+21,1.5862086415193e+22,1.107913169286e+22,7.2305508383146e+21,2.0190435637786e+21,3919201182.4891,973.28727296739,988.38802203917
1.3643123221515,1.6208526197534e+21,6.402617229005e+21,1.5969579083457e+22,1.1154125456873e+22,7.2795307623384e+21,2.0327476565465e+21,3945995325.8819,973.27850684053,987.84740991961
1.3794550720183,1.6317484480522e+21,6.4456969257296e+21,1.6076900361168e+22,1.122899784682e+22,7.3284318179633e+21,2.0464298076728e+21,3972750652.8883,973.26912290992,987.31171871761
1.3945978218852,1.6426377582051e+21,6.488752639148e+21,1.6184158966943e+22,1.130382494371e+22,7.3773036405058e+21,2.0601039482794e+21,3999493699.0046,973.25912069986,986.78104039309
1.409740571752,1.6535131700725e+21,6.5317552327288e+21,1.6291282304318e+22,1.1378556205748e+22,7.4261131886632e+21,2.0737608854612e+21,4026206202.5999,973.24850198135,986.25546014999
1.4248833216189,1.6643574034714e+21,6.5746364966486e+21,1.6398100294231e+22,1.1453073004456e+22,7.4747829755455e+21,2.0873789889554e+21,4052845820.4726,973.23727079451,985.7350474718
1.4400260714857,1.6751597188512e+21,6.6173540119291e+21,1.6504507215434e+22,1.1527301649378e+22,7.5232648608734e+21,2.1009448381045e+21,4079386113.2056,973.22543350847,985.21986150965
1.4551688213526,1.6859179615182e+21,6.6598991921074e+21,1.6610481797157e+22,1.160122742071e+22,7.571549215709e+21,2.1144557996926e+21,4105821510.147,973.21299886505,984.70995818568
1.4733401211928,1.6989655379812e+21,6.7114991532257e+21,1.6739010228097e+22,1.1690887242707e+22,7.6301100226929e+21,2.1308429990765e+21,4137881401.8187,973.19723817481,984.105986913
1.491511421033,1.7119573944759e+21,6.7628809765097e+21,1.6866991586426e+22,1.1780164035979e+22,7.6884209123311e+21,2.1471611165054e+21,4169807518.6933,973.18066312032,983.51002341436
1.5096827208732,1.7248910439805e+21,6.8140345705363e+21,1.6994400879383e+22,1.1869040563034e+22,7.7464704281641e+21,2.1634070494919e+21,4201593092.3954,973.16330299559,982.92215324435
1.5278540207135,1.7377460488301e+21,6.8648790745373e+21,1.7121036474813e+22,1.1957376259087e+22,7.804166603297e+21,2.1795551659593e+21,4233187733.1507,973.145191269,982.34243215136
1.5460253205537,1.7504902472317e+21,6.9152873344767e+21,1.7246581293774e+22,1.2044949911062e+22,7.8613648480043e+21,2.1955651173598e+21,4264512535.198,973.12636516461,981.77087231844
1.5641966203939,1.7630972161458e+21,6.9651547791452e+21,1.7370774671932e+22,1.2131579652953e+22,7.9179462963957e+21,2.2114037554192e+21,4295502554.3111,973.10686524256,981.20744703946
1.5823679202341,1.7755555960011e+21,7.0144362221998e+21,1.7493504193712e+22,1.2217187109727e+22,7.973859680207e+21,2.227056863007e+21,4326129501.3186,973.08673495142,980.65210522166
1.6005392200743,1.7878571303437e+21,7.0630986918542e+21,1.7614687997567e+22,1.2301715243935e+22,8.029067688258e+21,2.2425141756e+21,4356372648.8308,973.06602007242,980.1047732115
1.6187105199146,1.7999656754541e+21,7.1109991852739e+21,1.7733969752602e+22,1.2384915350831e+22,8.0834078899825e+21,2.2577304309762e+21,4386143452.5335,973.04476798647,979.56532385904
1.6368818197548,1.8118182193633e+21,7.1578887143536e+21,1.7850728734747e+22,1.2466354096589e+22,8.1365973386361e+21,2.2726266415881e+21,4415288071.1917,973.02302691546,979.03354672252
1.655053119595,1.8233525628507e+21,7.2035215167751e+21,1.7964352268225e+22,1.2545603754606e+22,8.1883567741984e+21,2.2871248332296e+21,4443654730.0698,973.00084526713,978.50914764128
1.6732244194352,1.8345215241328e+21,7.2477110798101e+21,1.8074375468688e+22,1.2622339758087e+22,8.2384743025281e+21,2.3011658277668e+21,4471128259.1383,972.97827104122,977.99176346363
1.6913957192754,1.8453024554614e+21,7.2903676952119e+21,1.8180574949928e+22,1.2696406152409e+22,8.286848129848e+21,2.3147212220076e+21,4497653243.0352,972.95535129401,977.48098702607
1.7095670191157,1.8556805844463e+21,7.3314327439107e+21,1.8282804836008e+22,1.2767701098784e+22,8.3334117817889e+21,2.3277724463343e+21,4523193458.3422,972.93213156518,976.97637475524
1.7277383189559,1.8656229764684e+21,7.3707759949021e+21,1.8380740538923e+22,1.2835997967329e+22,8.3780172965771e+21,2.3402780742648e+21,4547668536.8868,972.90865524137,976.47742706204
1.7459096187961,1.8750846663921e+21,7.4082198203465e+21,1.8473939221249e+22,1.2900987572832e+22,8.4204628426611e+21,2.3521816003706e+21,4570968946.9114,972.88496300737,975.98357561509
1.7640809186363,1.8840299604885e+21,7.4436232298193e+21,1.8562049395666e+22,1.2962424530318e+22,8.4605882530632e+21,2.3634381736376e+21,4593007829.2715,972.86109245941,975.49419355898
1.7822522184765,1.8924461234685e+21,7.4769358501979e+21,1.8644945677228e+22,1.3020221336818e+22,8.4983365020471e+21,2.3740318534578e+21,4613754307.6573,972.83707785694,975.00862066645
1.8004235183167,1.9003428425883e+21,7.5081957999217e+21,1.8722723472955e+22,1.307444466542e+22,8.5337512812917e+21,2.3839749310722e+21,4633232140.8075,972.81294995739,974.52618839684
1.818594818157,1.907727989997e+21,7.5374340756422e+21,1.8795460407272e+22,1.312514878183e+22,8.5668682053458e+21,2.3932774419607e+21,4651460704.0739,972.78873583523,974.04621983581
1.8367661179972,1.9145978965877e+21,7.5646361943567e+21,1.8863120579902e+22,1.3172308692852e+22,8.5976711082986e+21,2.4019348718887e+21,4668431299.7435,972.7644587472,973.56801988258
1.8549374178374,1.920943284806e+21,7.589765588333e+21,1.8925612902373e+22,1.3215860873933e+22,8.626118633608e+21,2.4099355932869e+21,4684121589.6714,972.74013810759,973.09087225554
1.8731087176776,1.9267579162268e+21,7.6127976922349e+21,1.8982876126254e+22,1.3255762616386e+22,8.6521829588656e+21,2.417271681258e+21,4698516618.2621,972.71578957984,972.61404617868
1.8912800175178,1.9320581177737e+21,7.6337969553297e+21,1.9035071001279e+22,1.3292126190521e+22,8.6759374203493e+21,2.4239634655451e+21,4711656324.3693,972.69142532513,972.13682423181
1.9094513173581,1.9368645239169e+21,7.6528448027339e+21,1.9082400687303e+22,1.3325093470762e+22,8.6974747239947e+21,2.4300367110771e+21,4723591115.2242,972.66705423752,971.65851141314
1.9276226171983,1.9412081109765e+21,7.6700635602695e+21,1.9125170294444e+22,1.3354877502266e+22,8.7169340273555e+21,2.4355301445606e+21,4734396595.5478,972.64268225891,971.17845106446
1.9457939170385,1.9451006745918e+21,7.685499869613e+21,1.9163496274991e+22,1.3381559659411e+22,8.7343685676474e+21,2.4404585167098e+21,4744101682.9737,972.61831261033,970.69601001527
1.9639652168787,1.9485619364493e+21,7.6992317114397e+21,1.9197573260158e+22,1.3405275945193e+22,8.7498672534346e+21,2.4448466164738e+21,4752754633.5987,972.59394616882,970.21059277689
1.9821365167189,1.9516154642485e+21,7.7113522506274e+21,1.922763375549e+22,1.342618883501e+22,8.7635362767165e+21,2.4487241150554e+21,4760413051.3528,972.569581844,969.72165172914
2.0003078165592,1.9542974199269e+21,7.7220043245769e+21,1.9254034189388e+22,1.3444547343805e+22,8.775538353771e+21,2.4521365667218e+21,4767165163.9214,972.54521699868,969.22870680241
2.0184791163994,1.9566415420293e+21,7.7313211928766e+21,1.9277107122314e+22,1.3460583789735e+22,8.7860252950892e+21,2.4551264305673e+21,4773093226.4778,972.52084780024,968.73134945996
2.0366504162396,1.9586724509833e+21,7.7394001435428e+21,1.9297095332884e+22,1.347446778323e+22,8.7951079352078e+21,2.4577246109456e+21,4778257216.4992,972.49646952831,968.22923971251
2.0548217160798,1.9604137304142e+21,7.7463343742499e+21,1.9314231353735e+22,1.3486361775203e+22,8.8028923749076e+21,2.4599606191905e+21,4782714515.0078,972.4720768934,967.72211170436
2.07299301592,1.9618895903013e+21,7.7522195351616e+21,1.9328753739123e+22,1.3496432423794e+22,8.8094873779885e+21,2.461864641135e+21,4786523932.4978,972.44766433093,967.20978098635
2.0911643157603,1.9631229535142e+21,7.7571461558048e+21,1.934088828004e+22,1.3504837492143e+22,8.8149958878558e+21,2.4634652541818e+21,4789741082.3826,972.42322625074,966.69214961928
2.1093356156005,1.9641556495697e+21,7.7612794310441e+21,1.9351046942414e+22,1.3511864740728e+22,8.8196057094477e+21,2.4648148244838e+21,4792467624.8724,972.39875733374,966.16923237585
2.1275069154407,1.9650090342017e+21,7.764703733532e+21,1.9359440281019e+22,1.3517661331234e+22,8.8234129306753e+21,2.4659401138529e+21,4794755344.8563,972.37425261773,965.64114092731
2.1456782152809,1.9657102236993e+21,7.7675262269519e+21,1.9366335765086e+22,1.3522414188665e+22,8.826539652301e+21,2.4668752397213e+21,4796670110.894,972.34970765233,965.10809527583
2.1638495151211,1.9662910648307e+21,7.7698727498408e+21,1.9372047482448e+22,1.3526342832934e+22,8.8291292754083e+21,2.4676603746484e+21,4798289314.7959,972.32511860651,964.57043343442
2.1820208149614,1.9667853983902e+21,7.7718769922638e+21,1.9376909114432e+22,1.3529680496378e+22,8.8313341642431e+21,2.4683382795515e+21,4799695174.8748,972.30048232306,964.02861741377
2.2001921148016,1.9672240915639e+21,7.7736608727855e+21,1.9381225004229e+22,1.3532639920216e+22,8.8332932832314e+21,2.4689479759668e+21,4800962603.9215,972.27579631447,963.48323300276
2.2183634146418,1.9676289258701e+21,7.7753104610537e+21,1.9385209992261e+22,1.3535371350454e+22,8.8351047350236e+21,2.4695169692149e+21,4802144321.1073,972.25105870056,962.93498198472
2.236534714482,1.9680158117266e+21,7.7768886578233e+21,1.9389021105621e+22,1.3537984637693e+22,8.8368402069558e+21,2.4700652762432e+21,4803278701.7579,972.22626813316,962.38467648929
2.2547060143222,1.9684017248673e+21,7.7784625241803e+21,1.9392825685058e+22,1.3540596802267e+22,8.8385759989339e+21,2.4706141191848e+21,4804406643.9039,972.20142372965,961.83323922048
2.2728773141624,1.9688073458876e+21,7.7801136905448e+21,1.9396827381441e+22,1.354335020617e+22,8.840404924481e+21,2.4711893395354e+21,4805578026.2413,972.17652500352,961.28170487283
2.2910486140027,1.9692542944826e+21,7.7819274770069e+21,1.9401239128225e+22,1.3546393705548e+22,8.84242406928e+21,2.4718180613836e+21,4806845044.9561,972.15157177566,960.7312168797
2.3092199138429,1.9697598526728e+21,7.783972121928e+21,1.940623128034e+22,1.3549846458576e+22,8.8447111506127e+21,2.472522037779e+21,4808249382.0064,972.12656406166,960.1830166776
2.3273912136831,1.9703391393319e+21,7.7863073872184e+21,1.9411953136695e+22,1.3553812962683e+22,8.8473343735305e+21,2.473320446339e+21,4809827552.4275,972.10150197231,959.63843326494
2.3455625135233,1.9710074968579e+21,7.7889939074175e+21,1.9418556292628e+22,1.3558399356094e+22,8.8503630731448e+21,2.4742329054187e+21,4811616685.3476,972.07638563313,959.09887317926
2.3673680733316,1.9720156434856e+21,7.7930307999763e+21,1.9428516456905e+22,1.3565331965596e+22,8.8549314821319e+21,2.4755905116854e+21,4814256609.2562,972.04616835567,958.46125382869
2.3891736331398,1.9732141653284e+21,7.7978186905536e+21,1.9440358541109e+22,1.3573585937667e+22,8.8603638276742e+21,2.4771916823737e+21,4817350704.7881,972.01587329094,957.83614860471
2.4109791929481,1.9746238118673e+21,7.8034394816079e+21,1.9454287313923e+22,1.3583304594919e+22,8.8667536543197e+21,2.4790629268115e+21,4820949074.1693,971.98549997381,957.22625985526
2.4327847527564,1.9762506907491e+21,7.8099172524999e+21,1.947036317246e+22,1.3594530375447e+22,8.8741285118332e+21,2.4812120681427e+21,4825066093.4577,971.95504750373,956.63426604883
2.4545903125646,1.9780955808493e+21,7.8172549370772e+21,1.948859356686e+22,1.360726863462e+22,8.8824915990409e+21,2.4836399256529e+21,4829703074.4138,971.92451455791,956.06276626456
2.4763958723729,1.9801584195939e+21,7.825452114619e+21,1.950897752533e+22,1.3621518775371e+22,8.8918422454362e+21,2.4863462360561e+21,4834859362.5116,971.89389947637,955.51422983312
2.4982014321812,1.9824396705408e+21,7.8345105113414e+21,1.9531519483779e+22,1.3637283982114e+22,8.9021823532232e+21,2.4893315883429e+21,4840535801.0619,971.8632003927,954.99094923609
2.5200069919894,1.9849409752131e+21,7.8444365877575e+21,1.9556235765438e+22,1.3654575777633e+22,8.9135193794813e+21,2.4925983220184e+21,4846736341.9135,971.83241539164,954.49499748279
2.5418125517977,1.9876657080075e+21,7.8552436604102e+21,1.9583159893494e+22,1.3673417681765e+22,8.9258687286722e+21,2.4961511818361e+21,4853469336.8639,971.8015426792,954.02819190498
2.563618111606,1.9906130104277e+21,7.866928317691e+21,1.9612283632182e+22,1.3693803990308e+22,8.9392267873499e+21,2.4999896427343e+21,4860732897.3441,971.77058071601,953.59205794433
2.5854236714142,1.9937705272121e+21,7.8794417352805e+21,1.9643485429131e+22,1.3715649747586e+22,8.9535381547523e+21,2.5040985548125e+21,4868497118.9786,971.73952829299,953.18779277035
2.6072292312225,1.9971137106213e+21,7.8926869300925e+21,1.9676523330715e+22,1.3738785814742e+22,8.9686923372175e+21,2.5084471109823e+21,4876702326.9619,971.70838457508,952.81623801628
2.6290347910307,2.0006065142953e+21,7.906521465906e+21,1.9711041778728e+22,1.37629635483e+22,8.9845267881466e+21,2.5129896133179e+21,4885260747.8881,971.67714911387,952.47786378981
2.650840350839,2.0042071947295e+21,7.9207803881372e+21,1.9746628699731e+22,1.3787894736521e+22,9.0008530082605e+21,2.5176728654912e+21,4894070698.1424,971.6458218547,952.17277024362
2.6726459106473,2.0078768026363e+21,7.9353098271977e+21,1.9782899635253e+22,1.3813310418982e+22,9.0174951283148e+21,2.5224472519021e+21,4903037487.1015,971.61440315431,951.90070941473
2.6944514704555,2.0115826173301e+21,7.9499805687276e+21,1.9819531657562e+22,1.3838984602197e+22,9.0343054362059e+21,2.5272711716032e+21,4912081810.3257,971.58289378605,951.66111957169
2.7162570302638,2.0152986624901e+21,7.9646900939624e+21,1.9856268578322e+22,1.3864737915668e+22,9.0511668188284e+21,2.5321118004427e+21,4921141028.9337,971.55129492155,951.45316676574
2.7380625900721,2.0190027890479e+21,7.9793510207075e+21,1.9892892001728e+22,1.3890417376381e+22,9.0679794739506e+21,2.5369412708366e+21,4930161939.1598,971.51960807713,951.27578734321
2.7598681498803,2.022670424767e+21,7.9938664031938e+21,1.9929159657804e+22,1.3915853283576e+22,9.084632703371e+21,2.5417286559827e+21,4939085451.7761,971.4878350128,951.12772532108
2.7816737096886,2.0262684829365e+21,8.0081056421557e+21,1.9964745289997e+22,1.3940817166344e+22,9.1009773514053e+21,2.5464320605297e+21,4947831648.0601,971.45597759086,951.00756298038
2.8034792694968,2.0297568298886e+21,8.0219102717394e+21,1.9999252872161e+22,1.3965031733496e+22,9.1168322301115e+21,2.5510003428074e+21,4956303302.9194,971.42403764212,950.91375259063
2.8252848293051,2.0330901873466e+21,8.0351014693018e+21,2.003223535743e+22,1.3988183956953e+22,9.1319926483757e+21,2.5553754724369e+21,4964390528.4889,971.39201684729,950.84464837895
2.8470903891134,2.036225610471e+21,8.0475096242353e+21,2.0063268391201e+22,1.400997663495e+22,9.1462641508025e+21,2.5595021228091e+21,4971989080.5074,971.35991666905,950.79854464884
2.8688959489216,2.0391333039376e+21,8.0590171123639e+21,2.0092057403498e+22,1.4030203258109e+22,9.1595116164025e+21,2.5633417489451e+21,4979026934.5676,971.32773835718,950.77372343815
2.8907015087299,2.0417969147741e+21,8.0695594424323e+21,2.0118440508011e+22,1.404875005301e+22,9.1716606075788e+21,2.5668730001972e+21,4985464965.8978,971.29548297058,950.7684976288
2.9125070685382,2.0442139737877e+21,8.0791270061029e+21,2.0142392992327e+22,1.4065599157786e+22,9.182699493283e+21,2.5700924060524e+21,4991298039.2652,971.26315141717,950.78124938482
2.9343126283464,2.0463884090175e+21,8.0877354694176e+21,2.0163953306215e+22,1.4080776897323e+22,9.1926455671962e+21,2.5730047197948e+21,4996536601.7628,971.23074446656,950.8104537017
2.9561181881547,2.048322987502e+21,8.0953959062222e+21,2.01831485517e+22,1.4094301691406e+22,9.2015109697747e+21,2.5756132438585e+21,5001188186.0734,971.19826273207,950.85468717292
2.9779237479629,2.0500159524299e+21,8.1021014839759e+21,2.0199961170212e+22,1.4106160748658e+22,9.2092873716604e+21,2.5779153843866e+21,5005249126.5425,971.1657066429,950.91262762833
2.9997293077712,2.0514609920971e+21,8.1078273350034e+21,2.0214328451663e+22,1.411630973296e+22,9.2159456955957e+21,2.579902500863e+21,5008704443.5028,971.13307642251,950.98304938276
3.0215348675795,2.052651019039e+21,8.1125454830604e+21,2.0226179740068e+22,1.4124698769388e+22,9.2214531060079e+21,2.5815646934463e+21,5011537078.8031,971.10037209261,951.06481955237
3.0433404273877,2.0535852357042e+21,8.1162527905003e+21,2.0235506240017e+22,1.4131321276358e+22,9.2258050093957e+21,2.5828999680536e+21,5013745241.3031,971.06759351991,951.15690031419
3.065145987196,2.0542781013947e+21,8.1190064192451e+21,2.0242449850054e+22,1.4136276072802e+22,9.2290658077952e+21,2.5839259627118e+21,5015364450.1942,971.03474051602,951.25836023487
3.0869515470043,2.0547552084159e+21,8.1209075348118e+21,2.0247262537585e+22,1.4139739001811e+22,9.2313503668519e+21,2.5846747473137e+21,5016457441.1348,971.00181291712,951.36837863068
3.1087571068125,2.0550486392713e+21,8.1220829627536e+21,2.0250260661478e+22,1.4141931046994e+22,9.2328032163223e+21,2.5851870310063e+21,5017102841.913,970.96881064087,951.48624296821
3.1305626666208,2.0551993933984e+21,8.1226947434891e+21,2.025184849323e+22,1.4143134654848e+22,9.2336090448932e+21,2.5855148632033e+21,5017400923.0161,970.93573375145,951.61134880747
3.1523682264291,2.0552298629943e+21,8.1228313940807e+21,2.0252247171678e+22,1.4143504406095e+22,9.2338690568677e+21,2.585686882114e+21,5017406472.5116,970.90258237928,951.74316489151
3.1741737862373,2.0551573641459e+21,8.1225613350411e+21,2.0251627598319e+22,1.4143159775084e+22,9.2336614012947e+21,2.5857250822612e+21,5017161706.0589,970.86935670788,951.88121591574
3.1959793460456,2.0549906988829e+21,8.1219193087943e+21,2.0250076513033e+22,1.4142161425447e+22,9.2330256704723e+21,2.5856404230648e+21,5016687886.3538,970.83605694115,952.02506186015
3.2177849058538,2.0547347041759e+21,8.1209243565636e+21,2.0247641229411e+22,1.4140542497177e+22,9.2319833429432e+21,2.5854386106738e+21,5015996447.9989,970.80268329467,952.17428431115
3.2395904656621,2.0543989633133e+21,8.1196142813297e+21,2.0244415890288e+22,1.4138368916211e+22,9.2305773475535e+21,2.5851314673011e+21,5015110433.095,970.7692360351,952.32848531877
3.2613960254704,2.0539990934366e+21,8.1180507549891e+21,2.0240554458932e+22,1.4135748498799e+22,9.2288781315033e+21,2.5847388068577e+21,5014067736.1719,970.73571552878,952.48728941183
3.2832015852786,2.0535664144099e+21,8.1163575131704e+21,2.0236365920073e+22,1.4132897407009e+22,9.2270270355347e+21,2.5843005855779e+21,5012944647.4062,970.70212233969,952.65035935051
3.3050071450869,2.0531237096767e+21,8.1146245860807e+21,2.023207550146e+22,1.4129973394522e+22,9.2251273994631e+21,2.5838463272608e+21,5011796712.62,970.66845720186,952.81738251324
3.3268127048952,2.0526913330597e+21,8.1129323999724e+21,2.0227884509398e+22,1.4127117493114e+22,9.2232716396518e+21,2.5834024983669e+21,5010673512.8577,970.63472101845,952.98806629431
3.3486182647034,2.0522790388404e+21,8.1113194872901e+21,2.0223889785301e+22,1.4124397685705e+22,9.2215044025591e+21,2.5829820365734e+21,5009598703.6998,970.60091481482,953.16212428016
3.3704238245117,2.05188632089e+21,8.1097838138432e+21,2.0220086735949e+22,1.412181103618e+22,9.2198238651761e+21,2.5825846126484e+21,5008570783.282,970.5670396906,953.33926381815
3.3922293843199,2.0515041053979e+21,8.1082894668767e+21,2.0216386033395e+22,1.4119295327672e+22,9.2181893370665e+21,2.5821987469362e+21,5007567249.2565,970.53309677793,953.51917655254
3.4140349441282,2.0511179608595e+21,8.1067793532389e+21,2.0212645206099e+22,1.4116751204111e+22,9.216535758185e+21,2.5818059686637e+21,5006552478.3312,970.49908721568,953.70153366671
3.4402016158981,2.050665873138e+21,8.1050111754685e+21,2.0208265440341e+22,1.4113774297e+22,9.2146002595285e+21,2.5813459494001e+21,5005359377.4986,970.4581820179,953.92334192475
3.466368287668,2.0501986152936e+21,8.103182623776e+21,2.0203734367477e+22,1.4110691823541e+22,9.2125950793802e+21,2.5808643156005e+21,5004126224.3464,970.4171853602,954.14755799941
3.492534959438,2.049736030977e+21,8.1013721326129e+21,2.0199248305305e+22,1.4107641301181e+22,9.2106103462021e+21,2.5803869924017e+21,5002901505.811,970.37609979818,954.3736560326
3.5187016312079,2.0492855098776e+21,8.0996089424017e+21,2.0194881040179e+22,1.4104674639986e+22,9.2086803671709e+21,2.5799243399401e+21,5001703412.7718,970.3349280858,954.60114351621
3.5448683029778,2.048843406794e+21,8.0978786695904e+21,2.0190597468897e+22,1.410176750117e+22,9.2067895289108e+21,2.5794724556436e+21,5000523158.2088,970.29367307549,954.82954989163
3.5710349747477,2.048391216491e+21,8.0961081717571e+21,2.0186215428524e+22,1.409879263859e+22,9.2048547260964e+21,2.5790080301933e+21,4999315532.9269,970.25233758598,955.05840828064
3.5972016465176,2.0479009321953e+21,8.0941867233179e+21,2.0181458442573e+22,1.4095556759825e+22,9.2027494341417e+21,2.578495109496e+21,4998012007.5339,970.21092430009,955.28724433894
3.6233683182875,2.0473496912104e+21,8.0920239367382e+21,2.0176100416079e+22,1.409190175154e+22,9.2003700392346e+21,2.5779040928153e+21,4996556661.2978,970.16943575869,955.51558646786
3.6495349900574,2.046728315092e+21,8.0895835577056e+21,2.0170050616328e+22,1.4087764127233e+22,9.1976749713601e+21,2.5772231646118e+21,4994927276.3315,970.12787441655,955.74298814858
3.6757016618274,2.0460485503868e+21,8.0869120544166e+21,2.0163424983308e+22,1.4083224814255e+22,9.1947172100701e+21,2.5764674168153e+21,4993152915.6171,970.0862427474,955.96906028427
3.7018683335973,2.0453190460915e+21,8.0840436749352e+21,2.0156309245997e+22,1.40783436766e+22,9.1915361236048e+21,2.5756483269203e+21,4991255209.9345,970.04454320392,956.19346598804
3.7280350053672,2.0445471706276e+21,8.0810075883396e+21,2.0148776445768e+22,1.4073171633069e+22,9.1881651974926e+21,2.5747756245768e+21,4989252620.2071,970.00277818984,956.41591731616
3.7542016771371,2.0437292524963e+21,8.077789301003e+21,2.0140790439923e+22,1.406768319342e+22,9.1845878054389e+21,2.5738446088051e+21,4987136512.6536,969.96094997402,956.63615648925
3.780368348907,2.0428539902922e+21,8.0743441317662e+21,2.0132239322498e+22,1.4061799836084e+22,9.1807524373594e+21,2.5728403911276e+21,4984879461.8434,969.91906063541,956.85394188887
3.8065350206769,2.0419099820223e+21,8.0706269860043e+21,2.0123009731833e+22,1.4055441994384e+22,9.1766067399537e+21,2.5717476148426e+21,4982453700.6092,969.87711206886,957.06904530816
3.8327016924469,2.0408985106594e+21,8.0666429460306e+21,2.0113113686927e+22,1.4048617783857e+22,9.1721558080688e+21,2.5705673424226e+21,4979862608.3544,969.83510609145,957.28126871141
3.8588683642168,2.0398330558789e+21,8.0624453303175e+21,2.0102683913501e+22,1.4041419741668e+22,9.1674601004223e+21,2.5693165411321e+21,4977139512.561,969.79304456213,957.49046016731
3.8850350359867,2.0387340872068e+21,8.0581150993599e+21,2.0091922420532e+22,1.4033988878269e+22,9.1626119102447e+21,2.5680213920285e+21,4974334900.5765,969.75092948284,957.69652177903
3.9112017077566,2.037619101848e+21,8.0537214556944e+21,2.0081001979826e+22,1.4026445790668e+22,9.1576902219109e+21,2.5667043675513e+21,4971491965.6493,969.70876304902,957.89940237381
